{
    "@module": "pymatgen.core.structure",
    "@class": "Structure",
    "charge": 0,
    "lattice": {
        "matrix": [
            [
                0.0,
                6.768727466604526,
                0.0
            ],
            [
                6.826184450000002,
                0.0,
                0.0
            ],
            [
                0.0,
                -2.519790425975421,
                -6.846537487881937
            ]
        ],
        "pbc": [
            true,
            true,
            true
        ],
        "a": 6.768727466604526,
        "b": 6.826184450000002,
        "c": 7.295506792801313,
        "alpha": 90.0,
        "beta": 110.20556558733813,
        "gamma": 90.0,
        "volume": 316.34140399923825
    },
    "properties": {},
    "sites": [
        {
            "species": [
                {
                    "element": "Ba",
                    "oxidation_state": 2,
                    "spin": null,
                    "occu": 1
                }
            ],
            "abc": [
                0.28319498,
                0.25,
                0.4935142199999999
            ],
            "xyz": [
                1.7065461125000005,
                0.673317232891792,
                -3.378863608032813
            ],
            "properties": {},
            "label": "Ba2+"
        },
        {
            "species": [
                {
                    "element": "Ba",
                    "oxidation_state": 2,
                    "spin": null,
                    "occu": 1
                }
            ],
            "abc": [
                0.71680502,
                0.75,
                0.5064857800000001
            ],
            "xyz": [
                5.119638337500001,
                3.5756198077373127,
                -3.4676738798491242
            ],
            "properties": {},
            "label": "Ba2+"
        },
        {
            "species": [
                {
                    "element": "Pd",
                    "oxidation_state": 2,
                    "spin": null,
                    "occu": 1
                }
            ],
            "abc": [
                0.0,
                0.0,
                0.0
            ],
            "xyz": [
                0.0,
                0.0,
                0.0
            ],
            "properties": {},
            "label": "Pd2+"
        },
        {
            "species": [
                {
                    "element": "Pd",
                    "oxidation_state": 2,
                    "spin": null,
                    "occu": 1
                }
            ],
            "abc": [
                0.0,
                0.5,
                0.0
            ],
            "xyz": [
                3.413092225000001,
                0.0,
                0.0
            ],
            "properties": {},
            "label": "Pd2+"
        },
        {
            "species": [
                {
                    "element": "Pd",
                    "oxidation_state": 2,
                    "spin": null,
                    "occu": 1
                }
            ],
            "abc": [
                0.5167956499999999,
                0.25,
                0.010641139999999827
            ],
            "xyz": [
                1.7065461125000005,
                3.471235468083275,
                -0.07285496392379881
            ],
            "properties": {},
            "label": "Pd2+"
        },
        {
            "species": [
                {
                    "element": "Pd",
                    "oxidation_state": 2,
                    "spin": null,
                    "occu": 1
                }
            ],
            "abc": [
                0.48320435000000006,
                0.75,
                0.9893588600000002
            ],
            "xyz": [
                5.119638337500001,
                0.7777015725458298,
                -6.773682523958138
            ],
            "properties": {},
            "label": "Pd2+"
        },
        {
            "species": [
                {
                    "element": "S",
                    "oxidation_state": -1,
                    "spin": null,
                    "occu": 1
                }
            ],
            "abc": [
                0.79515269,
                0.25,
                0.5119098099999999
            ],
            "xyz": [
                1.7065461125000005,
                4.092266414746577,
                -3.504809704579519
            ],
            "properties": {},
            "label": "S-"
        },
        {
            "species": [
                {
                    "element": "S",
                    "oxidation_state": -1,
                    "spin": null,
                    "occu": 1
                }
            ],
            "abc": [
                0.20484731,
                0.75,
                0.4880901900000001
            ],
            "xyz": [
                5.119638337500001,
                0.15667062588252767,
                -3.341727783302418
            ],
            "properties": {},
            "label": "S-"
        },
        {
            "species": [
                {
                    "element": "S",
                    "oxidation_state": -1,
                    "spin": null,
                    "occu": 1
                }
            ],
            "abc": [
                0.97482752,
                0.75,
                0.21160099999999982
            ],
            "xyz": [
                5.119638337500001,
                6.065151635899148,
                -1.4487341789733046
            ],
            "properties": {},
            "label": "S-"
        },
        {
            "species": [
                {
                    "element": "S",
                    "oxidation_state": -1,
                    "spin": null,
                    "occu": 1
                }
            ],
            "abc": [
                0.025172480000000053,
                0.25,
                0.7883990000000002
            ],
            "xyz": [
                1.7065461125000005,
                -1.816214595270043,
                -5.397803308908633
            ],
            "properties": {},
            "label": "S-"
        },
        {
            "species": [
                {
                    "element": "S",
                    "oxidation_state": -2,
                    "spin": null,
                    "occu": 1
                }
            ],
            "abc": [
                0.36718468000000004,
                0.004467639999999995,
                0.14259959999999983
            ],
            "xyz": [
                0.030496934696197974,
                2.1260519220044696,
                -0.9763135071569679
            ],
            "properties": {},
            "label": "S2-"
        },
        {
            "species": [
                {
                    "element": "S",
                    "oxidation_state": -2,
                    "spin": null,
                    "occu": 1
                }
            ],
            "abc": [
                0.63281532,
                0.5044676400000001,
                0.8574004000000002
            ],
            "xyz": [
                3.4435891596961996,
                2.1228851186246356,
                -5.870223980724969
            ],
            "properties": {},
            "label": "S2-"
        },
        {
            "species": [
                {
                    "element": "S",
                    "oxidation_state": -2,
                    "spin": null,
                    "occu": 1
                }
            ],
            "abc": [
                0.36718468000000004,
                0.49553236,
                0.14259959999999983
            ],
            "xyz": [
                3.382595290303803,
                2.1260519220044696,
                -0.9763135071569679
            ],